,logFC,AveExpr,t,P.Value,adj.P.Val,B
OR1E1,1.57842486173582,3.81272904721999,20.1700972908164,3.86335217993198E-19,1.22904270992722E-15,33.4726296005302
OR1E2,1.57842486173582,3.81272904721999,20.1700972908164,3.86335217993198E-19,1.22904270992722E-15,33.4726296005302
CTNNB1,4.09398878429974,5.22400880929142,19.8395370356663,6.9657913069476E-19,1.57789628545889E-15,32.9103971013835
CEP70,1.97987666499795,4.10556376196652,19.7420643181601,7.08561805855177E-19,1.57789628545889E-15,32.8956954368901
PGK2,1.86820616937628,4.28898983196898,19.3193718640539,1.30427940315098E-18,2.64045436625175E-15,32.3136057813258
LINC00184,2.00670235438445,3.48276613491577,18.8612975841543,2.55974656676107E-18,4.38484586886172E-15,31.6684729404041
CYCSP19,1.26352820797666,3.00935537709597,18.7925567945164,2.83569918809848E-18,4.51058465855464E-15,31.5703451802132
LINC01561,2.0203298010566,4.39154530704185,18.3735847612346,5.32932906635853E-18,7.41742681117113E-15,30.9646557523274
DRAIC,1.4868691221635,3.68277978691422,18.0949055663318,8.16313399440182E-18,9.57777592030924E-15,30.5544033670642
LINC00868,1.40885775920653,4.46744277442779,17.7148252064634,1.47333662392017E-17,1.44273416098748E-14,29.985108947752
HINT3,2.02831840089359,4.24131490867109,17.6740362769975,1.57070220740625E-17,1.44273416098748E-14,29.9233325389756
MIR302D,2.12633892131374,4.61418064009503,17.6544974815099,1.61966653305882E-17,1.44273416098748E-14,29.8936929421959
MIR302CHG,2.12633892131374,4.61418064009503,17.6544974815099,1.61966653305882E-17,1.44273416098748E-14,29.8936929421959
MIR367,2.12633892131374,4.61418064009503,17.6544974815099,1.61966653305882E-17,1.44273416098748E-14,29.8936929421959
PAX3,1.74788098293908,3.48218259097955,17.2543785216834,3.05599923938804E-17,2.61746334853586E-14,29.2799042039529
FAM182B,1.66915955576108,4.05945800247151,16.782498186918,6.56384361425861E-17,4.97093576998385E-14,28.538920095377
CPLX2,1.54490758460562,4.38420788824239,16.6054589173926,8.78376941477643E-17,6.30986326121472E-14,28.256009909714
MED18,3.20247030121345,4.42798077181328,15.7980367425111,3.76955955256036E-16,2.2687654507018E-13,26.8390979497127
VHL,1.87272911595075,6.07047835903787,15.5630842526528,5.1448682507179E-16,3.01502818619044E-13,26.5335245493808
LINC02637,1.71020587226109,4.46390691153399,15.5361945435282,5.39151591336245E-16,3.07855558652996E-13,26.4877640787859
RASL11A,2.47252675467614,4.67659701287652,15.1454092884623,1.16757154332653E-15,6.19063111865204E-13,25.7337709482082
PPP3R1,2.28334337541147,5.7389276380109,14.9774702282661,1.54492477516186E-15,7.64531773735101E-13,25.4589666124221
PIKFYVE,1.53401629466682,4.03064758884969,14.9008165087793,1.66119542661883E-15,7.97611774790713E-13,25.3862023800875
TUBA3FP,1.23055197248854,4.95400188115937,14.8751032856133,1.73994297488019E-15,8.07224793908476E-13,25.3407888834982
LINC00163,1.4240547998429,4.51682203513584,14.8552903817495,1.80323343384038E-15,8.19514394656966E-13,25.3057512087385
WNT7B,1.92005046126286,4.1189814621375,14.7715095848906,2.0981792178122E-15,9.34487060029197E-13,25.1571560902523
IL25,1.75124464213566,4.33136199453704,14.6824523236166,2.46655058202267E-15,1.07701205707966E-12,24.9984274288304
ADCY6,1.74159878775498,5.40602962543712,14.4745232797956,3.60888249465686E-15,1.51634347685875E-12,24.6246908964268
ERVH48-1,1.43633031302141,4.22978845561507,14.4127211167748,4.04432098539513E-15,1.60826757185293E-12,24.5127507464583
BAIAP3,1.69031771677033,5.29447732685813,14.3989254089431,4.1486899007549E-15,1.62082763859493E-12,24.48770914096
TMCC2,1.09429043254252,4.50170345576788,14.3004788932392,4.97858732552483E-15,1.87912137545953E-12,24.3084379001487
PPP4R1L,1.34708750476201,3.27943323047041,14.2301240064937,5.67484676946842E-15,2.08036866939803E-12,24.1797020759702
LINC01310,1.32931145952062,4.50693103806657,14.2278816964734,5.69861640995463E-15,2.08036866939803E-12,24.1755905545639
ATP1A1-AS1,1.36364385138227,4.13024384573406,14.2052754581475,5.94405064250734E-15,2.13496877029026E-12,24.1341100373072
CPVL-AS2,1.15623340595233,3.0001697363975,14.1736253205561,6.30606696995069E-15,2.2290445294259E-12,24.0759444282955
LVRN,1.03965937257976,3.52451222505649,14.1174018911207,7.00608462448346E-15,2.40028459234803E-12,23.972358260953
ZNF844,1.06851808012961,3.55357307480457,14.0899528952516,7.37639563702963E-15,2.48886294607595E-12,23.9216646969921
BOLA2,1.80580844623088,9.50935295726838,13.912720221349,1.03052711206417E-14,3.37482474390544E-12,23.5924151912246
NUTF2P2,1.80580844623088,9.50935295726838,13.912720221349,1.03052711206417E-14,3.37482474390544E-12,23.5924151912246
SMIM27,1.04149093873401,4.70652269926002,13.8639455692526,1.13047971364163E-14,3.59932260058525E-12,23.5012147040359
LINC02199,1.26762421648507,3.5353392806422,13.8532925594268,1.15360616844529E-14,3.61826137536735E-12,23.4812612271462
HTR5A,1.41046355001625,4.38630341420792,13.7823092765693,1.32064644809581E-14,4.02049677825539E-12,23.3479936133068
NEIL3,1.6699314911076,4.91537645082179,13.6991154700107,1.5484648013041E-14,4.58786957027419E-12,23.191104955184
LINC00628,1.33337662555857,4.0418946572852,13.69332423515,1.5657554777531E-14,4.58786957027419E-12,23.1801556309077
NOL10,1.22588402015011,3.92262902990987,13.6225932997163,1.79368044873809E-14,5.12095768114724E-12,23.0461304577779
MT-ND6,2.53089875061961,6.68423391121161,13.5797631015248,2.10829550379664E-14,5.79625093506757E-12,22.8895431162458
GTF2H5,2.53089875061961,6.68423391121161,13.5797631015248,2.10829550379664E-14,5.79625093506757E-12,22.8895431162458
FGF8,1.70961978677507,3.78977440219262,13.3924971666731,2.80092921508628E-14,7.51492683021162E-12,22.60631406637
CCNK,1.91932552422137,4.19339417771878,13.3740744442036,3.00897284568414E-14,7.80839553914944E-12,22.5369111832425
RSPH10B,2.39486676768964,6.28743943226056,13.3944613197907,3.01550144311308E-14,7.80839553914944E-12,22.5363385150492
RSPH10B2,2.39486676768964,6.28743943226056,13.3944613197907,3.01550144311308E-14,7.80839553914944E-12,22.5363385150492
DSPP,1.75532509480288,3.47812729191383,13.3051030973032,3.32862444337972E-14,8.52013077351987E-12,22.435933660539
KLK5,1.29325683458413,3.86555982576203,13.156708530724,4.44784631246581E-14,1.11291111834046E-11,22.1494801146025
KDM8,1.78912096271621,4.81461824645535,12.9310089585671,7.10193804230814E-14,1.63044389963051E-11,21.6875955118968
NEIL1,1.22236563975285,4.10331241221014,12.9104048326791,7.25620927199002E-14,1.6488624926321E-11,21.6655257461675
EME1,2.94054183029928,7.0591069725065,12.9192188007985,7.67663557791104E-14,1.7267777543889E-11,21.6128582556433
RUNX2,1.32361370080658,3.50085789856649,12.8460222703625,8.25548763826061E-14,1.80236719820025E-11,21.5378709978057
TET2,1.68294119283966,3.91338557125873,12.799386529091,9.07557324803297E-14,1.92749479586122E-11,21.4441854077253
TRIM7,1.29437731351764,4.02354169182907,12.6402738618066,1.25064370071163E-13,2.50906167307634E-11,21.1266845232895
LAMA4-AS1,1.26506732276886,3.69142173227655,12.6135893144862,1.32031766678285E-13,2.5835468654781E-11,21.0729918533322
TRAV20,1.26572062835028,4.14448571993232,12.6127489504107,1.32257552051957E-13,2.5835468654781E-11,21.0712995709242
TDRKH-AS1,1.3396882561985,4.73682869145552,12.2654581217847,2.69792239891727E-13,5.04874234466292E-11,20.364753160066
HS3ST6,0.958534933887201,3.65528563031795,12.2610241992935,2.722830838185E-13,5.05289332796181E-11,20.3556390932217
CCDC174,1.40533380074312,4.55719847335281,12.2050740355622,3.05821705256353E-13,5.53686467833637E-11,20.2404274924443
RPL10,1.33372911002572,4.27519185118538,12.137291842443,3.52203282273486E-13,6.20725098484406E-11,20.1003430748089
MAP4,1.68311183417045,6.17043270679238,12.1437811287183,3.53999225414341E-13,6.20725098484406E-11,20.0961852209793
SSH1,1.28747805065626,4.31099619027229,12.033179353876,4.3796196922238E-13,7.38861749440392E-11,19.884085055955
DNAJC9-AS1,1.01986474760914,3.80563609686775,12.0155920665575,4.54441441310204E-13,7.60898981694506E-11,19.8474225722689
GOLGA8Q,1.32502207734274,5.23684924813673,12.0025677882719,4.67054502072965E-13,7.70432348641694E-11,19.8202476881803
GOLGA8IP,1.32502207734274,5.23684924813673,12.0025677882719,4.67054502072965E-13,7.70432348641694E-11,19.8202476881803
EOLA2-DT,1.17927078670431,4.24977518120688,11.9976912263894,4.71869053980381E-13,7.72650879638905E-11,19.8100674853908
SMUG1,1.31478031474536,4.94955459944747,11.9823682708521,4.87331309267143E-13,7.92144593143796E-11,19.7780606098288
FYCO1,1.36189868135316,5.56839906790188,11.9675835199551,5.02743615591736E-13,8.05438674504486E-11,19.7471505837135
NEIL2,1.04799429018282,4.28714782147226,11.9269330562755,5.47750696287466E-13,8.52997220673117E-11,19.6620251820876
AMBRA1,1.114566957494,7.28311121134171,11.9150788350874,5.61639147151752E-13,8.62561528822232E-11,19.6371631044525
SCART1,1.06460331224107,4.33766385075466,11.9020980972442,5.77262584968475E-13,8.80483596209793E-11,19.6099184636467
LTA,1.1851371431134,5.03736643654663,11.8693417554988,6.18701518999103E-13,9.29121768689614E-11,19.5410751832416
LINC02226,0.899711015623207,4.04950670473853,11.8670842282835,6.21667535743646E-13,9.29121768689614E-11,19.5363256986067
MIP,1.07906821625142,4.24590732230408,11.7315351796145,8.2936608091425E-13,1.19155827457287E-10,19.2499922562446
GTF3C2-AS1,1.34346633209969,3.82435145612203,11.7181713685467,8.53374569244577E-13,1.21819219759663E-10,19.2216386886118
DTWD2,1.06647075022208,5.43574405156625,11.713905233404,8.61188047781032E-13,1.22151570930164E-10,19.2125826706918
PPA2,1.4413629404227,4.06887787635388,11.7011550201769,8.84980629323777E-13,1.2473185844564E-10,19.1855033623251
SMTN,1.1430542993235,4.77607754878895,11.676229203564,9.33460932587365E-13,1.3073736797351E-10,19.1325063984939
PYM1,1.42088016049383,7.57667729164185,11.6675457745478,9.5098307183335E-13,1.32359012666605E-10,19.1140255336768
GRK1,1.56148651466456,4.20743237656542,11.666756219973,9.58905131817885E-13,1.32632660748152E-10,19.1061234869771
HOATZ,1.02338307757192,3.66757675838967,11.6024307946315,1.09360886108539E-12,1.48307132142583E-10,18.9751405835142
ACRV1,1.12026171581612,3.70620624598367,11.5757137504018,1.15831537871715E-12,1.55388705835254E-10,18.9180011657857
C1orf68,1.29823694212662,4.39306023770028,11.5693926124984,1.17419119156902E-12,1.55643235982443E-10,18.904469080498
PRCD,0.864754756860707,4.9631948850569,11.5533707290158,1.21543849612289E-12,1.60157395681424E-10,18.8701474042008
NPAS1,1.0800354606008,4.65885047516949,11.5069691758169,1.34348757948657E-12,1.74104704657299E-10,18.7705644496075
MSH6,1.04939130403567,3.26854322025083,11.5065381752321,1.34473973690132E-12,1.74104704657299E-10,18.7696381991126
LINC00208,0.831930235520637,4.01535184985939,11.5014200671075,1.35970087658646E-12,1.74151570762643E-10,18.758637230341
SYCE1,0.964774741416347,3.21360068922231,11.4772281508767,1.43276352453084E-12,1.81409451877867E-10,18.7065937716603
FAM163B,0.968051194537682,4.92700439117577,11.4769119112288,1.43374482601395E-12,1.81409451877867E-10,18.7059129628177
DNAH5,1.22968547814272,4.34358636748305,11.38152995411,1.76357939346627E-12,2.20635671421912E-10,18.4999933332232
TMCO6,2.32584593155763,5.61593942578229,11.3904287824296,1.83989046014404E-12,2.28896763446635E-10,18.4612118523009
SLC12A1,1.35464753255681,4.02726731347651,11.2843380520346,2.1803063199601E-12,2.63876312169519E-10,18.2889750854759
PLLP,1.79727562068019,3.90302271831561,11.2932694282417,2.25634892766657E-12,2.71603428487605E-10,18.2578357820269
TACC3,1.03725967085707,3.97493310584195,11.2560665259726,2.31957428496909E-12,2.77712901892348E-10,18.2273667323716
GAS2L1,1.18485903139901,4.6117211380984,11.252230184674,2.33916324464765E-12,2.78560568422772E-10,18.2189988200361
RABL3,1.59866418558942,5.78148609813363,11.2411854126027,2.45941120367758E-12,2.91322489865405E-10,18.1705578516611
LINC03008,1.65410128003244,4.47253546623886,11.2377946865048,2.49676256326187E-12,2.94182039795125E-10,18.1559844808267
TSACC,0.934079078147164,5.56161048528436,11.1730491779863,2.78366282843302E-12,3.19706327323483E-10,18.0458657601213
TTC34,1.02652648484849,3.72697360344059,11.1370433211143,3.01359348900021E-12,3.42396496972172E-10,17.966870633187
LINC02871,1.19175603058272,3.90841854125723,11.0556501426441,3.60792221457759E-12,4.00407611317314E-10,17.7876816698726
RANBP17,1.32262538912137,5.44919943007968,11.0456298177478,3.68897369143684E-12,4.06681956111915E-10,17.7655624998116
ZBTB7A,1.37060264248871,5.24863106606238,11.0153450748821,3.94547239255874E-12,4.32816377881234E-10,17.698632004874
CFAP73,2.11590421919298,4.94301057672788,11.0159718940869,4.17800680132326E-12,4.55117714678506E-10,17.6449957784658
SOGA3,1.11167845623448,4.32183187909887,10.8951523383046,5.15760779295121E-12,5.49108240525446E-10,17.4318272908818
LIPE-AS1,1.54335065334799,4.48658644955191,10.9036756350637,5.17817281918109E-12,5.49108240525446E-10,17.4292164406071
TRBV10-2,0.889616389834879,4.31540634127125,10.8861824356833,5.26214380588369E-12,5.55368153617175E-10,17.4118404517786
SIPA1L3,1.84860121532396,6.07822169697691,10.907908619581,5.31069683770586E-12,5.5784862207015E-10,17.4060852326293
MAGEC1,0.74684798260699,3.08345856791865,10.707995583172,7.8556253044984E-12,8.0246293534805E-10,17.0126228365181
LPAR3,1.11857479071558,4.08265978551661,10.6313663518416,9.34438127245957E-12,9.45863757074555E-10,16.839658446708
RASGEF1B,1.17221877914019,3.46871445746101,10.5806148508753,1.04868585480201E-11,1.05194528381018E-09,16.7246784122083
DLK2,1.09853853457836,4.85087201939387,10.5543909809126,1.11323164408973E-11,1.10672122688546E-09,16.6651337241173
GALR1,0.941689630592642,3.39969261642269,10.5457108567998,1.13548159604192E-11,1.12382398498923E-09,16.6454043645835
ERBB3,1.31775472033857,4.63313365068539,10.5353715783047,1.16258008257468E-11,1.14555291410865E-09,16.6218908564714
COX7A2L,1.04060134148975,9.93156647129073,10.4608166575322,1.37865869600739E-11,1.33484132614733E-09,16.4519198024803
NMNAT1,1.62394078317351,5.57746584846915,10.4148929071177,1.59989830347066E-11,1.51609086468034E-09,16.3062587608581
PDX1,1.06879375068821,4.21167049015465,10.3550063123411,1.75815134143256E-11,1.65199460853846E-09,16.2094267116754
MFSD12,0.895942697764561,4.24524696789829,10.3401880596539,1.81925942123983E-11,1.70223059040294E-09,16.1753478760435
CALHM6-AS1,2.95888081029049,4.61872287980548,10.356714428166,1.84694405817124E-11,1.71373321797564E-09,16.1636898069431
ESR2,1.29312546435422,4.31485414125558,10.287438270598,2.05501645896633E-11,1.87553940675087E-09,16.0537972685735
HORMAD2,0.92583355239435,3.31684774968986,10.2678918137583,2.15012881090576E-11,1.94639099553091E-09,16.0086624775686
LAMA5-AS1,1.3551107675151,5.03130038054484,10.2383695074094,2.30656607889576E-11,2.07955141744654E-09,15.9387133227163
RPLP0P1,1.28278304838571,4.97926731207696,10.2256929879833,2.37114335964324E-11,2.12915288209255E-09,15.9110472163156
MCPH1-DT,1.21900123762225,3.49096571710868,10.1985594332758,2.52541829078932E-11,2.24954159670349E-09,15.848155683662
LRTM2,1.33705715697488,4.59633206879903,10.1726065694377,2.68428647379393E-11,2.37207839225862E-09,15.7873235391637
SLC8A3,0.76577355246309,4.10063955302375,10.1620926487959,2.74909791388857E-11,2.41974946420492E-09,15.7634761354959
SCN8A,0.888422887420516,3.95006693539275,10.1545046172937,2.79813573704639E-11,2.45321593418449E-09,15.7458336101834
BANF2,0.839460873844785,3.56925716275931,10.1351106495409,2.92758034074742E-11,2.54665182062907E-09,15.7007067283786
LMAN1L,1.08580977686624,5.37184739130812,10.0878210817726,3.26954192596487E-11,2.78963330073991E-09,15.590459845823
COPS9,0.935030074288031,3.78671999179971,10.0751831135151,3.3676748858317E-11,2.85151148412875E-09,15.5609460326221
AMELY,0.805216222193561,3.80695899018309,10.0667053282433,3.43518935378517E-11,2.8976602924031E-09,15.5411356188669
ARID1A,1.23961195127927,4.39166961943263,10.0410891927708,3.64772989300592E-11,3.06533196178675E-09,15.4812187223882
SIX5,1.51522326667713,5.01290669466177,10.0283349943013,3.88962594368221E-11,3.24412285168011E-09,15.4194389490445
PCDHAC1,0.898535250728857,4.09720550164929,10.0040645685186,3.97897728503203E-11,3.29397193904752E-09,15.3944614842864
MPG,1.18794557388546,4.01552262610383,9.99361070886121,4.07796758284861E-11,3.3634170408317E-09,15.369932373867
PTGDR2,1.30435211576961,5.57992884566079,9.98973127886079,4.11534105875058E-11,3.36928419254841E-09,15.3608258822392
ASB8,1.18125972604927,6.10485794571028,9.94964442684129,4.52268423130494E-11,3.67575383747918E-09,15.2666085116473
RAPGEF1,0.760584856287847,3.53724452200501,9.93029472804282,4.73385092742544E-11,3.83338641101226E-09,15.2210530607207
OR4A1P,1.08740863884014,3.68360538348483,9.92749931362049,4.76518141890272E-11,3.84168539875345E-09,15.2144675909771
PRDM6-AS1,1.16476743692504,5.1826827833575,9.91733876554977,4.88085751137349E-11,3.89576401149736E-09,15.1905224064739
ZNF611,0.764691572072777,3.03003745382902,9.8930936792699,5.16863654159577E-11,4.08157330300696E-09,15.133328363911
NBPF2P,1.53904184926433,4.94961515678383,9.90412836675254,5.23836940945398E-11,4.12202291092335E-09,15.122657090987
MIR615,1.19278180774468,5.10642298492723,9.87948113879273,5.3377656667226E-11,4.15673012333366E-09,15.1011817947391
HOXC5,1.19278180774468,5.10642298492723,9.87948113879273,5.3377656667226E-11,4.15673012333366E-09,15.1011817947391
LIG3,0.70173187209181,3.66128663089951,9.87795001457527,5.35714017421869E-11,4.15673012333366E-09,15.0975644230994
RNU6-913P,0.951722056022267,3.17280436671169,9.85106917818046,5.70925614129338E-11,4.38411810380904E-09,15.0340054807204
CDK5R2,0.828790754996966,4.19785265737028,9.83846980906077,5.88236353025252E-11,4.41670001873826E-09,15.0041811782994
MRGPRE,1.14827938755655,4.26492853673894,9.83500726548243,5.93087097576336E-11,4.43203240802934E-09,14.995981156591
LINC01756,0.598724498971846,4.64435778061189,9.81120566345272,6.27557977300949E-11,4.61224046089598E-09,14.9395703476192
RPL21P2,1.10902699133447,3.92858318917028,9.79406837113552,6.53641097975035E-11,4.72595247104093E-09,14.8989070073639
LINGO1-AS2,0.867558071221063,4.58556534329851,9.77295983327425,6.87299483562804E-11,4.93033081908602E-09,14.8487663423561
SEZ6,1.13991344192244,4.26950348532481,9.74372545769585,7.36866852102397E-11,5.24258400302501E-09,14.7792246538981
SMARCC1,2.10396987084543,6.9877645496417,9.69888160969083,8.60197938307522E-11,6.04282267765622E-09,14.6280462901967
GJD4,0.990551063337065,4.00530070928903,9.62407076432884,9.810203269755E-11,6.79134274606133E-09,14.4933938697164
LINC02249,0.968205083678916,4.40713512611192,9.61574967244035,1.00081005600538E-10,6.90001211677517E-09,14.4734446855021
CDH20,0.731466496136116,3.19035343849549,9.61009410093312,1.01449312143589E-10,6.97276151890613E-09,14.4598805537581
A1BG-AS1,1.35964338991591,4.4285494519849,9.57408681315368,1.12837795990854E-10,7.6376440088764E-09,14.3550337441388
MIOX,1.04868625042528,4.35737150524166,9.54913107440032,1.17472175652288E-10,7.92723599879032E-09,14.3133950367907
NTN3,0.979789598043982,4.31369027806631,9.54767186256371,1.17885935312187E-10,7.9311235452178E-09,14.3098826151119
CAMKK1,1.05847603500229,4.906733759845,9.53821329641869,1.2060429720863E-10,8.06527656017709E-09,14.2871082422121
TFAP2E,0.856333632755181,4.99840570971041,9.52206482543311,1.25394370234479E-10,8.36050069087312E-09,14.2481980043405
ATP6V0E1P2,0.778595949089779,4.34299802087549,9.51711777017414,1.26900394440365E-10,8.43565636952979E-09,14.2362708847868
C11orf21,1.01843898043588,4.31640641277906,9.49341124904765,1.34378188707256E-10,8.90615441762468E-09,14.1790697607794
YTHDF3-DT,1.38021127329246,5.0964241875714,9.48741395717921,1.39604483473013E-10,9.22508083816178E-09,14.1426780852719
N4BP2L2-IT2,0.918459961017188,3.75148525936439,9.46730874230575,1.43134664596243E-10,9.40255411768063E-09,14.1159997252517
CARMIL3,1.33710710100258,5.72815305523247,9.44700491039052,1.53108838862618E-10,9.99877047692564E-09,14.0500328461334
TRIM67,0.858292084418915,5.07251351187351,9.42194374224554,1.59766303294826E-10,1.03726991488994E-08,14.0061681923159
LSAMP-AS1,1.14138678662631,4.42483307219211,9.41833990589403,1.61169463398908E-10,1.03974435148645E-08,13.9974311787231
RUBCN,0.776412897267367,3.82672527422634,9.4161836105258,1.62015038827876E-10,1.03974435148645E-08,13.9922026950558
C1QTNF4,0.836594692963733,3.99757736563036,9.40497562565716,1.66483791403166E-10,1.06489401010872E-08,13.9650160027121
LINC01580,0.822777002696379,3.5637632193109,9.37502101015657,1.79055820565522E-10,1.12957339041745E-08,13.8922733607961
NSUN7,0.88571403774835,3.28087570144762,9.37043051374379,1.81066516479535E-10,1.1390311456166E-08,13.8811149805358
TENM1,0.913420929800634,3.31581835508528,9.36353312361389,1.84131150512322E-10,1.14857607584283E-08,13.8643437629224
INO80C,0.756718674541773,4.52852262485167,9.36200314173101,1.84818104013613E-10,1.14964088220088E-08,13.8606226957237
CENPO,1.05132318320053,5.6951866835335,9.34416446465318,1.93023629615224E-10,1.1874152508015E-08,13.8172139877721
C1orf53,1.69491717401593,5.09309121789227,9.35894312819276,1.94745849889767E-10,1.19470945762954E-08,13.8116817333257
LINC00968,1.0991641573876,3.71580663962524,9.33490433760191,1.97429043818401E-10,1.20784268593186E-08,13.7946634500956
GADL1,0.82360371851876,2.97231273058433,9.32369742803626,2.02898370062581E-10,1.22781081601185E-08,13.7673565969794
MAP1LC3C,0.922355063917948,4.09873176073919,9.32082880493172,2.04323081410518E-10,1.22974883781914E-08,13.7603641650588
GHRLOS,0.762709169687726,5.42643072854271,9.31170971763635,2.08920397288312E-10,1.25065815247673E-08,13.738128507915
LCE1E,0.819196013762562,4.97595553852425,9.29713805664173,2.16487168764265E-10,1.29054590144574E-08,13.7025742390147
WIPI2,0.885734412456047,3.44803446807602,9.29665522933825,2.16742631973014E-10,1.29054590144574E-08,13.7013956702311
OR10J1,0.825448999061543,3.97994648222491,9.28712723612764,2.21847399008585E-10,1.31741859427258E-08,13.6781316657912
KNCN,0.769172891468862,4.05677610669759,9.24941252178071,2.43289696859922E-10,1.42950349851546E-08,13.5859256585896
LSMEM1,0.88028685934098,3.69400057678528,9.22971506511804,2.55319078161854E-10,1.49623698725956E-08,13.5376926441946
ACP4,1.08207767623546,5.32045594328449,9.21934605423971,2.61894013029568E-10,1.51396844604978E-08,13.5122811496766
LINC00112,1.00545263429257,3.98023635365331,9.21885075917606,2.62212372662487E-10,1.51396844604978E-08,13.5110669604625
MTLN,2.0190432694284,7.18262391843307,9.2365718522644,2.6231833200637E-10,1.51396844604978E-08,13.5139921580176
COPG1,1.28799395253711,8.25283405555771,9.21868074168016,2.65965823034914E-10,1.52256887227879E-08,13.4979113157699
HEYL,1.13171958535204,6.09450330261719,9.19664681226246,2.76898238717332E-10,1.5770452373392E-08,13.4566012801703
DEFB106B,1.19045940011844,5.26729233212227,9.18953005219305,2.81781096537109E-10,1.59668784701905E-08,13.4391300284917
DEFB106A,1.19045940011844,5.26729233212227,9.18953005219305,2.81781096537109E-10,1.59668784701905E-08,13.4391300284917
TEX13B,0.754061494173589,4.64607534989053,9.16962298280321,2.95912080488028E-10,1.66826990389567E-08,13.3902231110548
CEROX1,0.839459448167799,4.80006182574092,9.16223146933538,3.01341480808841E-10,1.69032076476879E-08,13.3720503652313
HMMR-AS1,1.5320133656137,3.37979981418965,9.16891077371208,3.09543415601038E-10,1.72330558050488E-08,13.3485290077072
DRC3,0.730843350286738,4.24301444639938,9.14415625422632,3.15051464375246E-10,1.74524404481899E-08,13.3275797836719
CCNB3,0.685649838071971,4.02231813694326,9.13688988303591,3.20741079836863E-10,1.76796611556612E-08,13.3096899085949
ARHGAP39,1.34307772063501,4.86804847658168,9.11818851065402,3.43950525020388E-10,1.88656015804902E-08,13.2416936500821
TSHB,0.713160509966204,3.63648151160168,9.09410793134094,3.56435596959126E-10,1.95023693088029E-08,13.2042165723974
TAS2R40,0.67926510970863,2.76025605686062,9.08715844594135,3.62605996276042E-10,1.9742965601641E-08,13.1870603252528
HAPLN4,0.923295154026726,3.58176286151923,9.08588187955559,3.63751260594322E-10,1.97570166394511E-08,13.1839081516837
CYP11B1,0.84900533118726,3.72204930178426,9.07054653713266,3.77801641158631E-10,2.03711010822314E-08,13.1460241260977
TNFRSF10A-DT,1.11608003424087,4.93339712102053,9.05977131383341,3.88004587152915E-10,2.08204196417067E-08,13.1193864320236
LINC02925,0.946427802404721,5.02575467596509,9.0438499602576,4.03598151273408E-10,2.15533027115288E-08,13.0799983707016
ATP9B,0.92068096149705,3.50492645713945,9.0425197055078,4.04929655986188E-10,2.15726758592259E-08,13.0767058967347
FZD4-DT,0.892343201216012,4.15305052568367,9.03273038400805,4.14867201042422E-10,2.19968516666993E-08,13.0524693450776
MYO18A,0.961857630217752,3.9442156630324,9.01184789127282,4.36906856066541E-10,2.31104008972585E-08,13.000725249761
LCNL1,0.791434241307391,4.74296977356203,9.00048088990126,4.49402794577504E-10,2.37150493659868E-08,12.9725347582873
INKA2,1.2277895225387,5.20987001817446,8.92473926389558,5.47740103255972E-10,2.86329210314724E-08,12.7754677835603
NOTCH3,0.742168196724712,4.40782820871379,8.90483281755165,5.70137916071577E-10,2.95953409160791E-08,12.7346403745968
MIR6795,0.742168196724712,4.40782820871379,8.90483281755165,5.70137916071577E-10,2.95953409160791E-08,12.7346403745968
H4C14,1.12768788539714,4.31829226147434,8.90030676105582,5.76611219922129E-10,2.97924715926819E-08,12.7233529600379
H4C15,1.12768788539714,4.31829226147434,8.90030676105582,5.76611219922129E-10,2.97924715926819E-08,12.7233529600379
TEP1,2.00208853787797,4.46216600968892,8.91471344449697,5.79636075272177E-10,2.98794346301762E-08,12.7214033439402
MRGPRX4,0.836117375411451,3.44228157326441,8.89491765970686,5.84416851101569E-10,3.00563022105793E-08,12.7099096564904
MAS1L,0.956435809493132,3.6107233710969,8.89008335538781,5.9151069366895E-10,3.0281268131756E-08,12.6978470179509
PFKFB4,0.895865887312226,4.84533673505916,8.88803959457721,5.94536086292636E-10,3.03663396918594E-08,12.6927464538881
LCN6,0.783519598823151,3.8212443742675,8.87820327525014,6.0931939144107E-10,3.10132967315613E-08,12.6681904017117
ZNF708,1.28468511716457,3.77806032977367,8.88194896300082,6.1592626595138E-10,3.12438770306863E-08,12.6590208754238
SMBD1P,1.02553158024917,4.32657400646413,8.87052107764771,6.21125878753375E-10,3.13647442039885E-08,12.6490030756257
HNRNPL,1.49361510271617,7.94516893007081,8.87647415529681,6.37466399245778E-10,3.20445581146822E-08,12.6263153341593
SLC16A11,0.822086696460594,5.05889975337012,8.85279119481856,6.49274116223524E-10,3.25113140833055E-08,12.6046902860581
CCDC116,0.869922686254509,4.33420443234241,8.80754438748175,7.2716248929568E-10,3.61454943618873E-08,12.4914140512707
RPL7P52,-2.15773742064291,9.87409431555194,-25.8582090182913,3.07150724628495E-22,6.83993948675194E-18,40.1121213814886
CLXN,-1.2654672243449,3.88772788471044,-20.8449689892727,1.51818199655303E-19,1.03281331306965E-15,34.3576395135707
DYNLT2,-1.37349788001559,4.60794923538273,-20.721523795035,1.79746037276432E-19,1.03281331306965E-15,34.1979559035022
BRPF3,-1.9597639549969,5.62154711317107,-20.660867172954,1.95359062887328E-19,1.03281331306965E-15,34.1191364853388
QPCTL,-1.80444594506572,5.05549730723723,-20.5365041829487,2.31894856767177E-19,1.03281331306965E-15,33.9567945994158
CRYGB,-1.42538247443787,4.48245565455357,-19.9699705420244,5.12290765025504E-19,1.42602538079412E-15,33.204425983985
TSSK2,-1.39776983523847,4.26951298854788,-19.1639572745864,1.63700912130789E-18,3.03787967686711E-15,32.0964198749688
TBATA,-1.3631389309278,4.2717727716839,-18.6085479557496,3.73561841927838E-18,5.54589910526069E-15,31.3059511443584
ZNF861P,-1.62499830064062,4.89682190418165,-18.2667162578441,6.27201742959581E-18,8.21597389056876E-15,30.8080374070803
BARX1-DT,-0.979516539525928,4.87629781586791,-18.0942168118674,8.17179677964325E-18,9.57777592030924E-15,30.55338199747
CPA5,-1.31988409768397,4.97564165697119,-17.8609652770624,1.1726336546522E-17,1.30566894277249E-14,30.2053524719111
C11orf42,-1.32252672186195,4.38668166910047,-17.1242279486246,3.76682842654599E-17,3.10679637891676E-14,29.0774064525023
ZZEF1,-1.10137377367171,5.32940149807986,-16.9623245996144,4.89495008993339E-17,3.89305869831167E-14,28.8235212758689
HES1,-1.23971093613761,3.96593833701537,-16.7702751174155,6.69666680585188E-17,4.97093576998385E-14,28.5194746966843
HS3ST5,-1.35447148200517,4.35379718130253,-16.5833347638957,9.11105767093361E-17,6.34044197731314E-14,28.2204637542343
RNU2-52P,-1.20819884888323,4.2546468688209,-16.4594214645018,1.11910649664991E-16,7.5519341133021E-14,28.0205828896725
KLHL17,-1.40970574389229,5.20631114896487,-16.3085202700816,1.43998413570301E-16,9.43147256410895E-14,27.7753363279352
LINC01208,-1.08509997582909,4.93640196508233,-16.0192903388515,2.34691149531028E-16,1.4932392025447E-13,27.2995682716415
TOB2,-2.86243088905045,7.00805125627727,-15.8879526205493,3.23264447810551E-16,1.9996599967481E-13,26.9890124694448
MYOC,-1.42539894983037,4.53806015950537,-15.2218886617854,9.36449836232041E-16,5.11169838930377E-13,25.9477566579453
JRKL,-0.990080466429169,4.02041969905567,-15.2190749350256,9.41127279902352E-16,5.11169838930377E-13,25.9428793681065
POLG-DT,-1.06941052943058,4.35635506380958,-15.0821796819121,1.20033256727846E-15,6.21632696295909E-13,25.704652894796
SMCR8,-1.13928011932118,5.48371142572909,-14.9946069842688,1.40371188783026E-15,7.1043772795664E-13,25.5512929954088
SMIM13,-1.43667976441872,4.32951109197908,-14.8934395004645,1.68340533545123E-15,7.97611774790713E-13,25.373180200482
PREX2,-1.03262237166862,3.94063117487294,-14.5106893143579,3.37672469001314E-15,1.44608234849813E-12,24.6900145726091
FRMD8P1,-1.23265734369759,5.79693180761059,-14.4511896407057,3.76732114274954E-15,1.5536013801461E-12,24.582473808931
TECTB,-1.23825187323394,5.52448798398298,-14.4374873888298,3.86367806123435E-15,1.56436812264778E-12,24.5576564173549
METTL9,-1.57778594482726,10.3136512591438,-14.3082672884567,4.9071108368827E-15,1.87912137545953E-12,24.3226573363311
CYP4F35P,-1.01720035264262,5.09435856869191,-14.1625806851221,6.43766810596655E-15,2.24000673518389E-12,24.0556221114215
DPPA5,-0.844370005601073,3.56772860299254,-13.8635150525499,1.13140501163486E-14,3.59932260058525E-12,23.5004085679939
SIGLECL1,-1.09051204063477,3.3569800128791,-13.8104967512351,1.2515226526534E-14,3.87085527110258E-12,23.400979519819
OR7E2P,-0.948140679325699,3.20342089113044,-13.7762492250636,1.33601311954241E-14,4.02049677825539E-12,23.3365908654023
PRRX2-AS1,-1.55546386270148,5.22601611633466,-13.6749563803374,1.62192020937012E-14,4.69071962889132E-12,23.145403794069
GP5,-1.08036043143873,3.66731351611468,-13.5983588231848,1.87939828893997E-14,5.29776208815244E-12,23.0000832780333
LCMT1-AS2,-0.901297717591912,3.94673579274235,-13.5105943645012,2.22669237260664E-14,6.04709907872894E-12,22.8327830735047
ZNF142,-1.28447211204292,6.79516582989255,-13.2265977619855,3.87570238545807E-14,9.80772913883701E-12,22.2855424966283
WFDC5,-1.08445073803091,3.67979263990841,-13.0041867057219,6.01784190334185E-14,1.48901468161689E-11,21.8506151513509
DDX31,-0.97155091950411,4.89401412166953,-12.9927781618489,6.15609071371751E-14,1.50648334179973E-11,21.8281531724094
KIF23-AS1,-1.38682741906564,4.79462325377092,-12.9850620204086,6.25144091598907E-14,1.51318845389305E-11,21.8129525852525
TRIM43,-0.853763698009872,3.91470966731252,-12.953202341369,6.66148619352559E-14,1.5615224846697E-11,21.7501173374141
TRIM43CP,-0.853763698009872,3.91470966731252,-12.953202341369,6.66148619352559E-14,1.5615224846697E-11,21.7501173374141
TRIM43B,-0.853763698009872,3.91470966731252,-12.953202341369,6.66148619352559E-14,1.5615224846697E-11,21.7501173374141
CC2D2B,-1.08127986385284,4.48335267064376,-12.9264173113166,7.02755773052208E-14,1.63017378230204E-11,21.6972000375503
NOS1AP,-0.894477289492604,3.72193353519835,-12.8658776897734,7.93307120591717E-14,1.76661562684569E-11,21.5772906405572
COCH,-2.58860852586302,7.94168245050405,-12.8838012966207,8.23826369600843E-14,1.80236719820025E-11,21.543003639985
DICER1,-2.85705011140035,7.11278156060697,-12.8527213657984,8.76584536919661E-14,1.89520981093825E-11,21.481584643022
RBMY3AP,-1.58075677317106,4.25596889964995,-12.7982099525982,9.08828207667288E-14,1.92749479586122E-11,21.4427595657825
PLEKHG5,-1.05123429484718,5.14329896387071,-12.7520792516166,9.97369782662865E-14,2.09532336699239E-11,21.3507408297057
OTOA,-1.21887371057111,4.67598660404158,-12.729717484363,1.04343225486179E-13,2.15149934106641E-11,21.3060454531426
OTOAP1,-1.21887371057111,4.67598660404158,-12.729717484363,1.04343225486179E-13,2.15149934106641E-11,21.3060454531426
CAPNS2,-0.964037915837474,4.6707634532267,-12.6661665568127,1.18664361805402E-13,2.42434557160045E-11,21.1787037028123
PCDH10,-1.11476853911704,4.2682058452836,-12.64835557173,1.23029588568907E-13,2.49067809803726E-11,21.1429293857707
TTC16,-1.21472536011794,4.53901102870932,-12.6132376091876,1.3212621312752E-13,2.5835468654781E-11,21.0722836172418
LINC01119,-1.35261520897131,4.828942381708,-12.4882358150785,1.70508041414897E-13,3.29011306041061E-11,20.8196377738847
OPTC,-1.0879502821128,5.25970671708982,-12.4857353801804,1.71383140243222E-13,3.29011306041061E-11,20.8145651316376
LINC02029,-0.935915513419444,3.883929677258,-12.3592620300935,2.22238745651394E-13,4.22994412556486E-11,20.557014690455
CYMP,-1.2464098548617,4.68099816392634,-12.340155876088,2.31172671622156E-13,4.36269849521508E-11,20.5179403673519
KIAA2012-AS1,-0.940145806320674,4.57276295155212,-12.2372658198489,2.86037820592257E-13,5.26427787336278E-11,20.3067625264805
LINC01875,-0.975880666258724,5.67093876158994,-12.228345555982,2.9138456900594E-13,5.31872374360105E-11,20.2883938208344
OR2B6,-0.911567318851885,3.71809998405771,-12.164146514662,3.33019380587101E-13,5.98065208572109E-11,20.1559099909889
MLLT10,-2.86873749944424,5.69812254041234,-12.1731213882894,3.49865748410485E-13,6.20725098484406E-11,20.1101844300734
KIAA2013,-1.46381054271257,5.82808353155387,-12.1309186735748,3.56920309748626E-13,6.20957685765012E-11,20.0871430104131
RFTN2,-1.11783263156544,5.48288488687658,-12.1076728602676,3.74682129057938E-13,6.46805917208622E-11,20.0389544907967
KAAG1,-0.945569693779873,4.12102955176247,-12.0755290184258,4.00749388780715E-13,6.86483702981364E-11,19.9722117639756
KCNA1,-0.967252340220969,4.33571499343544,-12.038309818104,4.33271174591621E-13,7.3652792267029E-11,19.8947728849263
LINGO1-AS1,-0.991313575863815,4.18394298946976,-11.9729930830134,4.97047221508569E-13,8.02082940273502E-11,19.7584633106779
ACR,-1.61424168437738,5.47835144884656,-11.9633878694145,5.11843469407131E-13,8.08385973065773E-11,19.7297895058868
ACRP1,-1.61424168437738,5.47835144884656,-11.9633878694145,5.11843469407131E-13,8.08385973065773E-11,19.7297895058868
DNAJC5G,-0.799454229068458,4.91399003400961,-11.9426421456309,5.29886989673703E-13,8.30989674158006E-11,19.6949454411665
TMEM263-DT,-1.3408195581543,5.20646234291792,-11.9161580129962,5.60359959279606E-13,8.62561528822232E-11,19.6394272018215
LRP6,-1.52393500978978,6.68025746080885,-11.8679567607927,6.20519446477717E-13,9.29121768689614E-11,19.5381614455196
DNAJC3,-3.24638110911795,8.57353217752452,-11.8814517561188,6.4399121676489E-13,9.56069360409156E-11,19.5045755043617
ZNF425,-0.816231087212516,4.38609351602876,-11.83155767241,6.70313824410979E-13,9.88557520252192E-11,19.4615002228145
EDDM13,-0.982549568712411,4.58419752066292,-11.8059919111104,7.07724458630567E-13,1.03686289271343E-10,19.4075571435482
NEUROD6,-1.04431211071842,4.22496956110052,-11.7872550968991,7.36497648404178E-13,1.0719651066871E-10,19.367971394767
RNF208,-1.18159306075738,5.16534079606568,-11.7573215306278,7.84979523764305E-13,1.13511097498099E-10,19.3046393427107
LINC00638,-0.994640443463192,6.07679327323539,-11.604721886483,1.08823557039418E-12,1.48307132142583E-10,18.9800363335232
NACA2,-0.792121876073391,3.39183981053743,-11.6019538869956,1.09473076930941E-12,1.48307132142583E-10,18.9741214141168
PFKFB1,-1.07793064334841,4.9899237754859,-11.6001998101061,1.09886734040712E-12,1.48307132142583E-10,18.9703726403677
HOXC8,-1.40151698055773,5.4144832642024,-11.5720100603865,1.1675904523104E-12,1.55643235982443E-10,18.9100730378426
DAND5,-0.733806551208824,4.01996046626471,-11.5385488729502,1.25491992510621E-12,1.64387128307002E-10,18.8383675758485
TRMT2B,-0.967991716767552,5.65723925480132,-11.5010659098646,1.3607424362432E-12,1.74151570762643E-10,18.7578758748227
MIR4300HG,-0.955826787176579,4.3420232011252,-11.4211651781164,1.61796872465406E-12,2.03562404120459E-10,18.5857018931475
WDR87,-0.879458414425529,4.45720156287976,-11.3058045419647,2.08030838989531E-12,2.57368819636548E-10,18.3356858306846
LINC00347,-1.04239896657438,3.50338275054247,-11.2916383632889,2.14575743613026E-12,2.62796554341272E-10,18.3048670600114
OR7E111P,-1.17629115093162,5.26447081029149,-11.2912071026853,2.14778269747683E-12,2.62796554341272E-10,18.3039284425582
PANX2,-1.25593942603712,7.21775612301135,-11.2857582859757,2.17354061824806E-12,2.63876312169519E-10,18.2920673126306
KIRREL2,-1.33770211512828,4.34198234324908,-11.20974961415,2.56776249068119E-12,3.0095527844726E-10,18.1262131154616
MATN1,-0.808110473398177,4.59696813208036,-11.2049918448668,2.59475369746232E-12,3.02526544967479E-10,18.1158068140866
ANO4,-0.897973163579283,4.24550836990384,-11.1916296741021,2.67212502032561E-12,3.09924750404328E-10,18.0865652173762
STOML3,-0.809703028139154,3.56491229237989,-11.1728028041233,2.78517344742717E-12,3.19706327323483E-10,18.0453257947311
LINC00845,-0.72166787672178,3.67244756513849,-11.1610767597899,2.85805131147485E-12,3.26389459770428E-10,18.0196173716102
PSMD4,-0.957234751769832,10.2670409444281,-11.1269384038521,3.08155874433766E-12,3.46581978169976E-10,17.9446709147064
PIPSL,-0.957234751769832,10.2670409444281,-11.1269384038521,3.08155874433766E-12,3.46581978169976E-10,17.9446709147064
DNM1P41,-0.959987022289819,4.82249461894424,-11.0589742465757,3.58143964480872E-12,4.00407611317314E-10,17.7950165279419
SOGA1,-1.77831686841262,5.79188329752783,-11.0790250943428,3.61407920763304E-12,4.00407611317314E-10,17.7890405847887
ASMTL-AS1,-1.25224112409357,4.84299667616876,-10.9883355782592,4.18964172208423E-12,4.55117714678506E-10,17.6388396344337
ATG3,-0.91434122236719,3.68099844986884,-10.9725331069002,4.33962824758028E-12,4.69122240026045E-10,17.6038129569917
GSN,-1.3072875141547,4.95766070727476,-10.9360475505448,4.7073144007517E-12,5.06411518793911E-10,17.522817624943
ITGA11,-1.26454021158319,5.24320667111774,-10.8982039077344,5.12253177056882E-12,5.48431057686525E-10,17.4386244415311
LINC00598,-0.897418906515208,3.70215206418345,-10.8735726746651,5.4127836361156E-12,5.65902717336424E-10,17.383725495958
SLC13A4,-0.946438099301117,5.11983042394499,-10.8712570203831,5.44092392430169E-12,5.66186611543338E-10,17.3785602160866
MRTFA,-1.35248737196051,4.49272137073893,-10.8422740443696,5.8060848000851E-12,6.01375360060907E-10,17.3138518157612
MRAP,-1.08349741187168,4.48171571559974,-10.7771404024714,6.72122139913643E-12,6.92939256191524E-10,17.1680315232164
RSPRY1,-1.31904959180727,8.60568353036119,-10.7435960208189,7.24894546083792E-12,7.43902149619353E-10,17.0927160944067
KCNMA1-AS1,-1.15885269189654,4.20116177658562,-10.6787151986791,8.39347700625273E-12,8.53490134485123E-10,16.9466235419942
OPRL1,-1.02577934719465,4.98458834848135,-10.5985181588342,1.00683329126903E-11,1.01453260467285E-09,16.7652780305562
ZBTB12,-0.836359214561615,4.86640659719872,-10.562915980721,1.09181391417217E-11,1.09029614595068E-09,16.6845008043643
LINC01874,-0.880236151904801,4.29933970562763,-10.5137339699852,1.22145544649474E-11,1.19826393559434E-09,16.5726370166069
TTC12,-0.998062438985953,5.35554363377929,-10.5044703934698,1.24758695928204E-11,1.21853131562508E-09,16.5515313326231
EPHA5-AS1,-0.953428510945938,5.12631887524964,-10.4922186992554,1.28302973632109E-11,1.247676384198E-09,16.5236002166129
DNAJB13,-0.846982219785905,5.2366067754476,-10.4546586061541,1.39825224886751E-11,1.34795148614851E-09,16.4378476906941
MOV10L1,-0.812939654168219,4.50449310157239,-10.4461208289409,1.42589048351E-11,1.36867048177949E-09,16.4183292128685
MCPH1-AS1,-0.909355605163416,4.58382105773262,-10.4009069824631,1.58186980286017E-11,1.50795861967402E-09,16.3148031733941
LINC01700,-0.714488038299703,4.52347994915728,-10.4001719871729,1.58454495937726E-11,1.50795861967402E-09,16.3131180141482
SNX27,-1.77536793732846,6.74892829813637,-10.3978014225392,1.68084240463919E-11,1.58604574190297E-09,16.2576837849308
SYPL2,-1.34453352034292,5.19264701713183,-10.3347478350741,1.842236200498E-11,1.71373321797564E-09,16.1628291804239
NAV2-AS4,-0.903678056804813,4.91658697090785,-10.3166401850005,1.9208773370032E-11,1.77493848206325E-09,16.1211326330088
IKBKB-DT,-1.02943472516486,5.3507569296935,-10.2976777419203,2.00692217779724E-11,1.84678305691598E-09,16.0774209362335
RYR3-DT,-0.720330800493056,5.05397051639949,-10.2888532463343,2.04830073360128E-11,1.87553940675087E-09,16.0570626166209
FCER2,-1.14762086520022,5.15039072414546,-10.2781962395237,2.09943892743828E-11,1.90826144796421E-09,16.0324628122137
SLIT3-AS1,-0.978331894696794,4.65263655444916,-10.2235962565218,2.38271320865335E-11,2.13094941540166E-09,15.9061908115227
ANXA2P3,-1.30146681948767,6.10572284608278,-10.1906835085489,2.57209611120956E-11,2.28199236257074E-09,15.8298820443799
TAF1L,-1.00966780709322,4.09458907905469,-10.1458934012421,2.85487207022373E-11,2.49314298556127E-09,15.7258028021833
MRTFB,-0.910715939858783,3.86712604306069,-10.131792332885,2.95033517065273E-11,2.55645968541889E-09,15.6929804553762
DENND11,-1.85547980901383,6.88587177154215,-10.1355770447661,3.07853431265582E-11,2.65720467474932E-09,15.6539360091208
LINC01961,-0.767246104865122,3.38323080744166,-10.1026776416781,3.15791556211969E-11,2.70475467895551E-09,15.6251274345077
LINC03025,-0.767246104865122,3.38323080744166,-10.1026776416781,3.15791556211969E-11,2.70475467895551E-09,15.6251274345077
AZI2,-1.63313832882341,5.78673027182445,-10.097095568446,3.35127482249235E-11,2.84845568786573E-09,15.5689077748337
CREBRF,-1.38486993580604,5.66776910748811,-10.0378232748818,3.72134024129302E-11,3.1154333020058E-09,15.4621052583485
SPIN3,-0.884473541078672,3.91704887067843,-10.0043757584478,3.97606853405561E-11,3.29397193904752E-09,15.3951914406752
CADM3-AS1,-0.825016359755704,4.33762714159053,-9.98991217684843,4.11359056409991E-11,3.36928419254841E-09,15.3612505632493
KCNS1,-0.855690151366714,5.07554601349493,-9.96066993634822,4.40669705828172E-11,3.59460574325552E-09,15.2925436277402
MIR1233-2,-1.01604482262238,5.5226153223231,-9.92478083538865,4.79585316293259E-11,3.84168539875345E-09,15.2080623610175
MIR1233-1,-1.01604482262238,5.5226153223231,-9.92478083538865,4.79585316293259E-11,3.84168539875345E-09,15.2080623610175
SLC6A7,-1.1274067058873,6.14405474758759,-9.9111793294498,4.95237681229039E-11,3.93873140117481E-09,15.1759998152897
TNNT2,-0.82428383751944,4.98599848220185,-9.90827430119283,4.9864793809231E-11,3.951740545686E-09,15.169148629521
ERVV-1,-0.701130479117751,3.48684336474434,-9.87913156422805,5.34218278052012E-11,4.15673012333366E-09,15.1003559319079
NUDT3,-1.50275933460478,5.83060900732167,-9.87374232987213,5.60521690073916E-11,4.33411719314446E-09,15.0548011113343
RBL1,-0.810307905373154,3.39794452479421,-9.85320736313132,5.68040028921776E-11,4.37705308098928E-09,15.039064714951
LIPE,-1.68938989313013,6.33171646626699,-9.86828946999833,5.75709050674066E-11,4.40119892637584E-09,15.0290644327213
C5orf49,-0.691134225153311,3.62347693281013,-9.84518582191062,5.7894315428822E-11,4.40119892637584E-09,15.0200814901226
RPL26P37,-1.11121424489546,11.6410474845392,-9.84364963581338,5.81055496140149E-11,4.40119892637584E-09,15.0164450703655
RPL26P36,-1.11121424489546,11.6410474845392,-9.84364963581338,5.81055496140149E-11,4.40119892637584E-09,15.0164450703655
SSX2,-1.13481126177938,4.69055559087267,-9.83788554568411,5.89052003037974E-11,4.41670001873826E-09,15.0027976345546
SSX2B,-1.13481126177938,4.69055559087267,-9.83788554568411,5.89052003037974E-11,4.41670001873826E-09,15.0027976345546
DTX1,-1.14101166495501,5.78917407964582,-9.83354185230945,5.95152331374935E-11,4.43259105932723E-09,14.9925102681122
BAZ2A,-1.66471025367887,7.16545571307963,-9.84458938517064,6.088398217472E-11,4.51941799682946E-09,14.9731946280376
SCN2A,-0.971008262214362,3.91833540256579,-9.82218871820133,6.11403916250064E-11,4.52337335912714E-09,14.9656101307434
NR1D2,-2.51527558443169,6.51837669026609,-9.83261967433982,6.26307808519573E-11,4.61224046089598E-09,14.9449488995913
C21orf91-OT1,-0.905189168639135,4.19633727312849,-9.80365695655334,6.38913382775497E-11,4.65068653336828E-09,14.9216636609118
C21orf91,-0.905189168639135,4.19633727312849,-9.80365695655334,6.38913382775497E-11,4.65068653336828E-09,14.9216636609118
CXorf51B,-0.946729326786901,4.25164366428411,-9.80219108122671,6.41142739118983E-11,4.65068653336828E-09,14.9181854909201
CXorf51A,-0.946729326786901,4.25164366428411,-9.80219108122671,6.41142739118983E-11,4.65068653336828E-09,14.9181854909201
NCOA2,-1.29252207430378,5.11949852438367,-9.78122633218187,6.74811397429265E-11,4.86322815836644E-09,14.8671706520291
INSL4,-0.754938431844071,4.04590455622578,-9.7721958573413,6.88550399540056E-11,4.93033081908602E-09,14.8469504887239
ST8SIA2,-0.841311273308056,4.51311348254723,-9.75829280241146,7.11726307394621E-11,5.07994651902911E-09,14.813891325042
CALM1,-1.27723409803938,11.6021601987244,-9.71548187672534,7.88707168334608E-11,5.59354137950426E-09,14.7113691046409
LINC00269,-0.836115630591292,5.48917239339608,-9.70902701315336,8.00474649109126E-11,5.65897459079718E-09,14.6965357836686
ZNF638,-1.64850359981197,5.66732372256883,-9.71804893005095,8.21835888702017E-11,5.79160234351431E-09,14.6736126455512
PRKG2,-0.920841469103394,4.05342078072633,-9.65830812076218,9.03714978569699E-11,6.32856253388951E-09,14.5753770873131
LINC01798,-1.64922518207308,4.41939951314423,-9.67326043742617,9.14356694363452E-11,6.38301229679615E-09,14.5670598961235
C10orf62,-0.955559951608826,4.98512843120999,-9.64016634698276,9.43868823462154E-11,6.5684421342746E-09,14.5319553065627
LINC02270,-0.86368785148469,3.62499886885903,-9.62365546760403,9.81998457151982E-11,6.79134274606133E-09,14.49239844881
CASC23,-0.68456243546261,4.43516389481039,-9.60831267653413,1.01884259974637E-10,6.9811094934621E-09,14.4556071523337
UBBP1,-1.26856230906837,7.236749898322,-9.60159415734458,1.03675778312777E-10,7.08207333511418E-09,14.4382881804925
FICD,-1.36841283770693,6.54108521074455,-9.58790763733928,1.09303835324073E-10,7.44369146431736E-09,14.3869193747288
MSH3,-1.02677266014544,5.20998921576661,-9.57519795561268,1.103260225641E-10,7.49039694048761E-09,14.3760913987094
CD2BP2-DT,-1.00460383571076,4.73946047585829,-9.54017620003665,1.20034941856173E-10,8.05137988010577E-09,14.2918355214917
URB1,-0.70548571515732,4.64716202465952,-9.47166158996856,1.41634884197861E-10,9.33155987042058E-09,14.1265236528613
DNMT1,-1.25981775628475,8.64298416340209,-9.4425224970807,1.52546198754965E-10,9.99132735315972E-09,14.052642546928
LBX1-AS1,-0.604931657725463,4.5929328970358,-9.42808667959081,1.57403259887512E-10,1.02491613872369E-08,14.0210568762729
SCPEP1,-0.76474872647462,3.45213958950548,-9.4201253784558,1.60472718649493E-10,1.03882760802487E-08,14.0017600342243
LINC02150,-0.724165463567632,3.38424583244473,-9.41649492396748,1.61892679968839E-10,1.03974435148645E-08,13.9929575919781
ZNF12,-2.08256027343981,7.53207840131339,-9.42267882432812,1.66890300205642E-10,1.06489401010872E-08,13.9659305878359
LEXM,-0.88401834178063,4.35140084062455,-9.39310563341091,1.71354046037601E-10,1.09025235748895E-08,13.9362050440741
THSD4-AS1,-0.693140753092222,3.80964888341944,-9.3858500508057,1.744024969169E-10,1.10648695266167E-08,13.9185848711985
VSTM2B-DT,-0.749695934596036,5.97808278632899,-9.37743290330707,1.7800854175374E-10,1.12615687963467E-08,13.8981349482048
SLC44A5,-1.32170322051267,3.56536388760703,-9.3745435150275,1.82286145245662E-10,1.14347328689455E-08,13.8756490405914
BTD,-0.966338567138804,4.57613281869099,-9.36380896608901,1.84007576724009E-10,1.14857607584283E-08,13.8650146055255
P2RX6,-1.15569158965834,5.0134065206337,-9.35777431473443,1.86730483958493E-10,1.15830115522888E-08,13.8503361293375
GRIN2C,-0.797907685035376,4.62754779108035,-9.35658611031242,1.87271450915766E-10,1.15842998345644E-08,13.8474454038899
FOXC2,-0.89924131159188,4.42431263505639,-9.35282528695678,1.88994265849006E-10,1.16584856127189E-08,13.8382946232893
SLC5A7,-0.70209030317367,3.63317108065431,-9.33317732319939,1.98261957659887E-10,1.20961521510357E-08,13.7904564947316
MIR4750,-1.09529118274608,6.57852407239919,-9.32985933820996,1.99872266801684E-10,1.21279441673207E-08,13.7823728549769
TBC1D17,-1.09529118274608,6.57852407239919,-9.32985933820996,1.99872266801684E-10,1.21279441673207E-08,13.7823728549769
SEC22A,-1.28679750432972,5.5365506208174,-9.32579203496803,2.04070146161987E-10,1.22974883781914E-08,13.7624153366861
SHPK,-0.723760223428671,4.74356998746692,-9.31374786196386,2.0788379088974E-10,1.24780704563979E-08,13.7430992184075
NOBOX,-0.737141565283406,5.30429866191331,-9.27318972897901,2.29536918599467E-10,1.35945681922647E-08,13.6440791601986
CCDC13,-1.38956157255601,5.24244194347443,-9.27741861901526,2.33728729471608E-10,1.38061142615471E-08,13.6281380489068
PIP,-0.791983444964903,4.58110325040664,-9.25673199969311,2.3896863452214E-10,1.40782870956972E-08,13.6038355019736
CECR2,-0.810173881439213,4.54017041877371,-9.2284004542899,2.56143240868688E-10,1.4971269897388E-08,13.5344717079609
LINC00652,-0.986310132118026,5.45627085324278,-9.22454963516936,2.58573096870971E-10,1.50737285188996E-08,13.5250354537106
PEX14,-1.17708433802773,6.97241562118672,-9.21852198450133,2.62423916734121E-10,1.51396844604978E-08,13.5102609688028
NFIA-AS2,-1.52377735666536,4.3516906457602,-9.2306625387895,2.65445352809668E-10,1.52256887227879E-08,13.5019512587348
OR51I2,-0.746913860999983,4.57456842685282,-9.2133123791971,2.65799315768692E-10,1.52256887227879E-08,13.4974876720404
SERINC3,-1.23208138703567,9.83225101878973,-9.21319669635232,2.66996388118356E-10,1.52454937615581E-08,13.4933170426285
SBNO2,-1.95721070215892,7.24313373481446,-9.20439126837099,2.83784924909396E-10,1.60396103878359E-08,13.4353723202579
MIR30DHG,-0.93665456325875,5.67579113818446,-9.16499553663373,2.99299332698649E-10,1.68310526259248E-08,13.3788469497056
XAGE2,-0.785271184542245,4.91288420803602,-9.16008643469498,3.02936082588592E-10,1.69499588521743E-08,13.3667752169161
MAST1,-1.15281654885459,5.14458664309102,-9.15682870003231,3.05374364239284E-10,1.70435632011143E-08,13.3587624930221
SPTAN1,-1.44303272958144,8.99996981869183,-9.16235128925203,3.12316392525345E-10,1.73440741774237E-08,13.3390636528204
PCDHB11,-0.996706525539295,4.99849979456363,-9.14278604772906,3.16116400569957E-10,1.74679804573012E-08,13.3242068648628
ANKRD60,-0.654689530785118,4.44293125388422,-9.1293935302212,3.26720851716758E-10,1.79648065355074E-08,13.2912263841714
TRPM7,-1.14482152967737,5.5646812963356,-9.09304562640724,3.57371819682512E-10,1.95056692463477E-08,13.2015944717584
LINC01741,-0.892849974635643,4.77717279479738,-9.08300050999849,3.66349867763462E-10,1.98497450248772E-08,13.1767924991122
LINC02573,-0.684734694689678,3.931712851956,-9.07805888637812,3.70850783694745E-10,2.00448449080055E-08,13.1645863771409
CCDC87,-0.910419075820688,4.7502885893897,-9.06316865589313,3.84757649713778E-10,2.06960582161259E-08,13.1277867652318
UNC79,-0.703007798703927,4.25016408560553,-9.05227897835077,3.95264523296602E-10,2.11590040127212E-08,13.1008552702025
ZNF548,-1.23429309846073,6.55233876595687,-9.03620498711837,4.14686392722768E-10,2.19968516666993E-08,13.0535441525877
SLX4,-1.01136122140322,5.93480809187272,-8.98926872820855,4.62086284543667E-10,2.43267126962244E-08,12.9447113311354
